False Positive Rate,True Positive Rate,y_test,y_prob
0,0,0,0.736601667
0,0.001071811,1,0.70496456
0.001061571,0.001071811,0,0.433628189
0.001061571,0.022508039,1,0.331884143
0.002123142,0.022508039,0,0.533760517
0.002123142,0.026795284,0,0.361682575
0.003184713,0.026795284,0,0.778329359
0.003184713,0.028938907,0,0.485466493
0.004246285,0.028938907,1,0.797651911
0.004246285,0.030010718,1,0.698003793
0.005307856,0.030010718,1,0.414291471
0.005307856,0.038585209,0,0.657075834
0.006369427,0.038585209,1,0.810516505
0.006369427,0.040728832,1,0.552377882
0.007430998,0.040728832,1,0.738145348
0.007430998,0.045016077,1,0.6776041
0.008492569,0.045016077,1,0.64940206
0.008492569,0.057877814,1,0.484543853
0.00955414,0.057877814,0,0.116337181
0.00955414,0.060021436,0,0.10184452
0.010615711,0.060021436,0,0.130999308
0.010615711,0.069667738,1,0.749336995
0.012738854,0.069667738,1,0.415352214
0.012738854,0.071811361,1,0.328104209
0.013800425,0.071811361,0,0.429523081
0.013800425,0.073954984,1,0.626832996
0.014861996,0.073954984,1,0.528055975
0.014861996,0.083601286,1,0.290148656
0.015923567,0.083601286,1,0.851842495
0.015923567,0.084673098,1,0.493251345
0.016985138,0.084673098,0,0.297332295
0.016985138,0.085744909,0,0.223625472
0.018046709,0.085744909,1,0.268536552
0.018046709,0.087888532,0,0.674705922
0.01910828,0.087888532,1,0.2600306
0.01910828,0.092175777,1,0.294809909
0.021231423,0.092175777,0,0.36058454
0.021231423,0.097534834,0,0.104979801
0.023354565,0.097534834,0,0.111891881
0.023354565,0.101822079,0,0.33219395
0.024416136,0.101822079,1,0.563448286
0.024416136,0.103965702,1,0.214037171
0.026539278,0.103965702,1,0.48740783
0.026539278,0.11039657,0,0.52056901
0.027600849,0.11039657,1,0.720328119
0.027600849,0.114683816,0,0.566068676
0.02866242,0.114683816,0,0.769638536
0.02866242,0.121114684,1,0.673649862
0.029723992,0.121114684,1,0.559313578
0.029723992,0.124330118,0,0.583319728
0.030785563,0.124330118,1,0.448244947
0.030785563,0.127545552,0,0.424293289
0.031847134,0.127545552,0,0.519893383
0.031847134,0.130760986,1,0.670251537
0.032908705,0.130760986,0,0.337384937
0.032908705,0.132904609,1,0.662593978
0.033970276,0.132904609,0,0.553103591
0.033970276,0.145766345,0,0.288231737
0.035031847,0.145766345,0,0.145095958
0.035031847,0.152197213,1,0.576077145
0.036093418,0.152197213,0,0.435353379
0.036093418,0.153269025,0,0.639796255
0.037154989,0.153269025,1,0.642305951
0.037154989,0.156484459,0,0.113326632
0.041401274,0.156484459,1,0.626455698
0.041401274,0.15755627,0,0.240121865
0.042462845,0.15755627,1,0.404912439
0.042462845,0.158628081,0,0.445657783
0.043524416,0.158628081,1,0.137868748
0.043524416,0.160771704,1,0.428393181
0.044585987,0.160771704,0,0.335213228
0.044585987,0.169346195,1,0.545413437
0.045647558,0.169346195,1,0.440693778
0.045647558,0.172561629,0,0.491427367
0.04670913,0.172561629,1,0.479256467
0.04670913,0.176848875,0,0.666560406
0.049893843,0.176848875,1,0.617168222
0.049893843,0.177920686,1,0.749372637
0.050955414,0.177920686,1,0.671479187
0.050955414,0.180064309,1,0.620110835
0.052016985,0.180064309,1,0.616582653
0.052016985,0.184351554,0,0.534745641
0.053078556,0.184351554,1,0.556984211
0.053078556,0.185423365,0,0.49754371
0.054140127,0.185423365,1,0.607324153
0.054140127,0.191854234,0,0.24897171
0.055201699,0.191854234,1,0.050650036
0.055201699,0.198285102,0,0.263244036
0.05626327,0.198285102,0,0.296608979
0.05626327,0.200428725,1,0.644641596
0.057324841,0.200428725,0,0.491522965
0.057324841,0.201500536,0,0.46238631
0.058386412,0.201500536,1,0.671937701
0.058386412,0.20471597,1,0.576123391
0.059447983,0.20471597,0,0.428022333
0.059447983,0.207931404,0,0.446256857
0.061571125,0.207931404,0,0.3090005
0.061571125,0.209003215,1,0.642426378
0.062632696,0.209003215,1,0.65892215
0.062632696,0.213290461,0,0.676662583
0.063694268,0.213290461,1,0.667069979
0.063694268,0.214362272,0,0.456914003
0.064755839,0.214362272,0,0.664433869
0.064755839,0.217577706,0,0.47222208
0.06581741,0.217577706,1,0.648200504
0.06581741,0.219721329,1,0.635200113
0.069002123,0.219721329,1,0.471024578
0.069002123,0.221864952,1,0.353579643
0.071125265,0.221864952,0,0.407306553
0.071125265,0.222936763,0,0.07981437
0.072186837,0.222936763,0,0.490004406
0.072186837,0.224008574,0,0.630859082
0.073248408,0.224008574,1,0.570083384
0.073248408,0.234726688,0,0.467431966
0.074309979,0.234726688,0,0.701553721
0.074309979,0.235798499,1,0.427587709
0.07537155,0.235798499,1,0.231413109
0.07537155,0.236870311,1,0.405351226
0.077494692,0.236870311,0,0.6155879
0.077494692,0.237942122,0,0.504832413
0.082802548,0.237942122,0,0.421976269
0.082802548,0.242229368,1,0.707963761
0.083864119,0.242229368,1,0.478199258
0.083864119,0.246516613,0,0.482102577
0.08492569,0.246516613,0,0.216055406
0.08492569,0.247588424,0,0.139432488
0.085987261,0.247588424,1,0.388761747
0.085987261,0.250803859,1,0.517163915
0.087048832,0.250803859,1,0.640708553
0.087048832,0.262593783,0,0.539113471
0.088110403,0.262593783,0,0.4643693
0.088110403,0.263665595,0,0.358272288
0.090233546,0.263665595,0,0.630248473
0.090233546,0.264737406,0,0.325899374
0.092356688,0.264737406,1,0.419690983
0.092356688,0.26795284,0,0.502053085
0.093418259,0.26795284,1,0.088725507
0.093418259,0.270096463,1,0.638616342
0.09447983,0.270096463,0,0.743198351
0.09447983,0.271168274,0,0.364606396
0.096602972,0.271168274,0,0.58332155
0.096602972,0.274383708,0,0.600849049
0.097664544,0.274383708,0,0.313554125
0.097664544,0.276527331,0,0.274320334
0.099787686,0.276527331,0,0.095002356
0.099787686,0.280814577,1,0.419945945
0.100849257,0.280814577,0,0.0754922
0.100849257,0.284030011,0,0.530865047
0.101910828,0.284030011,0,0.699957217
0.101910828,0.290460879,0,0.497735948
0.105095541,0.290460879,0,0.406251055
0.105095541,0.292604502,0,0.302900961
0.107218684,0.292604502,1,0.082313083
0.107218684,0.293676313,0,0.053396251
0.108280255,0.293676313,1,0.63025537
0.108280255,0.296891747,1,0.753954407
0.109341826,0.296891747,1,0.726083141
0.109341826,0.301178992,1,0.558094321
0.110403397,0.301178992,1,0.763316365
0.110403397,0.303322615,0,0.259744573
0.112526539,0.303322615,0,0.282167796
0.112526539,0.305466238,0,0.548820895
0.114649682,0.305466238,0,0.473749299
0.114649682,0.310825295,0,0.668972576
0.117834395,0.310825295,0,0.441432032
0.117834395,0.312968917,0,0.36081927
0.118895966,0.312968917,0,0.705263089
0.118895966,0.314040729,0,0.600128559
0.119957537,0.314040729,0,0.354286122
0.119957537,0.326902465,0,0.589238692
0.121019108,0.326902465,0,0.286260989
0.121019108,0.327974277,0,0.474430743
0.122080679,0.327974277,0,0.256919454
0.122080679,0.330117899,0,0.235958175
0.123142251,0.330117899,0,0.377802734
0.123142251,0.331189711,0,0.328649165
0.124203822,0.331189711,0,0.391807199
0.124203822,0.332261522,1,0.750312904
0.126326964,0.332261522,0,0.29450423
0.126326964,0.333333333,0,0.318293481
0.128450106,0.333333333,1,0.415769236
0.128450106,0.339764202,0,0.582997908
0.129511677,0.339764202,0,0.679667306
0.129511677,0.345123258,1,0.74022544
0.130573248,0.345123258,1,0.684152495
0.130573248,0.347266881,1,0.761978172
0.132696391,0.347266881,0,0.200248329
0.132696391,0.351554126,0,0.37710419
0.133757962,0.351554126,0,0.58389309
0.133757962,0.356913183,1,0.802792803
0.134819533,0.356913183,1,0.699084556
0.134819533,0.360128617,1,0.457430615
0.135881104,0.360128617,1,0.451762965
0.135881104,0.364415863,0,0.227478003
0.139065817,0.364415863,0,0.483510814
0.139065817,0.367631297,1,0.414823465
0.140127389,0.367631297,0,0.557677248
0.140127389,0.374062165,1,0.544623558
0.142250531,0.374062165,0,0.070843812
0.142250531,0.378349411,0,0.10269459
0.143312102,0.378349411,0,0.665501053
0.143312102,0.384780279,1,0.316932028
0.145435244,0.384780279,1,0.642265875
0.145435244,0.38585209,1,0.792490588
0.146496815,0.38585209,1,0.744968366
0.146496815,0.389067524,0,0.760790117
0.147558386,0.389067524,1,0.618197211
0.147558386,0.390139335,1,0.777006316
0.148619958,0.390139335,1,0.535377975
0.148619958,0.39335477,1,0.693778567
0.149681529,0.39335477,0,0.382871041
0.149681529,0.394426581,1,0.78246488
0.1507431,0.394426581,1,0.446637034
0.1507431,0.395498392,1,0.109428556
0.151804671,0.395498392,1,0.683297483
0.151804671,0.413719185,0,0.658072572
0.154989384,0.413719185,0,0.517075812
0.154989384,0.414790997,0,0.146921388
0.157112527,0.414790997,1,0.367673479
0.157112527,0.415862808,0,0.254395408
0.158174098,0.415862808,0,0.53180249
0.158174098,0.430868167,1,0.520343573
0.162420382,0.430868167,1,0.493802452
0.162420382,0.434083601,1,0.66181465
0.163481953,0.434083601,0,0.715641874
0.163481953,0.436227224,0,0.164927495
0.166666667,0.436227224,0,0.432819388
0.166666667,0.440514469,0,0.396917255
0.168789809,0.440514469,1,0.376449228
0.168789809,0.442658092,0,0.606696928
0.16985138,0.442658092,1,0.628024274
0.16985138,0.443729904,0,0.679720823
0.170912951,0.443729904,1,0.645422853
0.170912951,0.454448017,0,0.104198931
0.174097665,0.454448017,0,0.544810237
0.174097665,0.455519829,1,0.421196776
0.175159236,0.455519829,1,0.68110924
0.175159236,0.45659164,0,0.333986216
0.176220807,0.45659164,0,0.124282029
0.176220807,0.457663451,0,0.552212125
0.177282378,0.457663451,0,0.56139358
0.177282378,0.458735263,1,0.57762274
0.178343949,0.458735263,1,0.596507156
0.178343949,0.459807074,1,0.568007106
0.17940552,0.459807074,1,0.533887989
0.17940552,0.460878885,1,0.633249126
0.180467091,0.460878885,0,0.518546473
0.180467091,0.465166131,0,0.301453886
0.181528662,0.465166131,0,0.493497982
0.181528662,0.466237942,0,0.335808724
0.182590234,0.466237942,0,0.487207402
0.182590234,0.467309753,1,0.689872764
0.183651805,0.467309753,0,0.427455657
0.183651805,0.469453376,0,0.047200715
0.185774947,0.469453376,1,0.798660007
0.185774947,0.47266881,1,0.51786402
0.187898089,0.47266881,0,0.553957924
0.187898089,0.473740622,1,0.616450582
0.190021231,0.473740622,1,0.662413786
0.190021231,0.474812433,1,0.738108898
0.191082803,0.474812433,1,0.291956371
0.191082803,0.475884244,0,0.79681425
0.192144374,0.475884244,0,0.297769615
0.192144374,0.479099678,0,0.269154587
0.195329087,0.479099678,1,0.097116438
0.195329087,0.48017149,0,0.506124846
0.196390658,0.48017149,1,0.230083693
0.196390658,0.481243301,0,0.633963216
0.1985138,0.481243301,1,0.636728067
0.1985138,0.484458735,1,0.585411983
0.199575372,0.484458735,1,0.445460223
0.199575372,0.486602358,1,0.569675189
0.201698514,0.486602358,1,0.305727823
0.201698514,0.487674169,1,0.397825276
0.203821656,0.487674169,0,0.326916337
0.203821656,0.493033226,1,0.565482754
0.204883227,0.493033226,0,0.363124791
0.204883227,0.497320472,1,0.691327222
0.205944798,0.497320472,0,0.46061115
0.205944798,0.498392283,0,0.123956658
0.207006369,0.498392283,0,0.478506061
0.207006369,0.501607717,1,0.663347555
0.209129512,0.501607717,0,0.72736769
0.209129512,0.502679528,0,0.404504146
0.211252654,0.502679528,1,0.562438339
0.211252654,0.50375134,1,0.394649772
0.213375796,0.50375134,0,0.458576322
0.213375796,0.505894962,1,0.664114127
0.214437367,0.505894962,0,0.35507436
0.214437367,0.508038585,0,0.169803564
0.21656051,0.508038585,1,0.805711587
0.21656051,0.509110397,1,0.653146032
0.217622081,0.509110397,1,0.860551858
0.217622081,0.510182208,1,0.548549008
0.218683652,0.510182208,1,0.741503321
0.218683652,0.511254019,0,0.451090423
0.220806794,0.511254019,0,0.650571866
0.220806794,0.513397642,0,0.415353724
0.223991507,0.513397642,0,0.439221021
0.223991507,0.520900322,0,0.615346465
0.225053079,0.520900322,0,0.503413637
0.225053079,0.526259378,1,0.707042122
0.22611465,0.526259378,1,0.583606814
0.22611465,0.530546624,0,0.107062433
0.227176221,0.530546624,1,0.615423608
0.227176221,0.531618435,0,0.416358173
0.228237792,0.531618435,0,0.487288454
0.228237792,0.532690247,1,0.492067625
0.230360934,0.532690247,1,0.74842287
0.230360934,0.533762058,1,0.550014997
0.232484076,0.533762058,0,0.693514821
0.232484076,0.535905681,0,0.75010748
0.233545648,0.535905681,0,0.531014499
0.233545648,0.536977492,1,0.451271331
0.234607219,0.536977492,1,0.781249478
0.234607219,0.540192926,1,0.685907305
0.23566879,0.540192926,0,0.58173132
0.23566879,0.54340836,0,0.473609346
0.236730361,0.54340836,1,0.636989142
0.236730361,0.544480171,0,0.370157118
0.240976645,0.544480171,0,0.206005959
0.240976645,0.546623794,1,0.586867114
0.243099788,0.546623794,1,0.267751245
0.243099788,0.548767417,1,0.577714219
0.244161359,0.548767417,0,0.5500121
0.244161359,0.549839228,1,0.704647387
0.24522293,0.549839228,0,0.186357579
0.24522293,0.551982851,1,0.411734653
0.246284501,0.551982851,0,0.38476436
0.246284501,0.553054662,1,0.760354806
0.252653928,0.553054662,0,0.290798251
0.252653928,0.554126474,1,0.493899637
0.253715499,0.554126474,0,0.538269097
0.253715499,0.558413719,0,0.395025466
0.25477707,0.558413719,1,0.6272416
0.25477707,0.559485531,1,0.531722472
0.256900212,0.559485531,1,0.683148281
0.256900212,0.560557342,1,0.60042961
0.259023355,0.560557342,0,0.28493196
0.259023355,0.562700965,1,0.451304283
0.260084926,0.562700965,0,0.747382938
0.260084926,0.56698821,0,0.542908004
0.261146497,0.56698821,1,0.572860796
0.261146497,0.569131833,0,0.584904874
0.265392781,0.569131833,1,0.521647568
0.265392781,0.570203644,1,0.674238376
0.266454352,0.570203644,0,0.279363357
0.266454352,0.572347267,1,0.774782529
0.269639066,0.572347267,1,0.716132632
0.269639066,0.573419078,1,0.712859518
0.270700637,0.573419078,0,0.421219921
0.270700637,0.576634512,0,0.592009145
0.272823779,0.576634512,1,0.620217907
0.272823779,0.580921758,0,0.114261125
0.276008493,0.580921758,1,0.723916779
0.276008493,0.581993569,1,0.431075922
0.277070064,0.581993569,1,0.47380243
0.277070064,0.58306538,1,0.748661942
0.278131635,0.58306538,1,0.588044182
0.278131635,0.585209003,1,0.555777198
0.281316348,0.585209003,0,0.51973777
0.281316348,0.586280815,0,0.418676589
0.282377919,0.586280815,0,0.558980261
0.282377919,0.587352626,1,0.602819789
0.284501062,0.587352626,1,0.415212553
0.284501062,0.588424437,1,0.560490299
0.286624204,0.588424437,0,0.59796671
0.286624204,0.59056806,1,0.568584338
0.288747346,0.59056806,0,0.367551868
0.288747346,0.592711683,1,0.803359999
0.290870488,0.592711683,1,0.659937613
0.290870488,0.593783494,0,0.552637499
0.291932059,0.593783494,1,0.752973843
0.291932059,0.595927117,0,0.553031393
0.292993631,0.595927117,0,0.203852985
0.292993631,0.59807074,0,0.06525928
0.296178344,0.59807074,0,0.61978027
0.296178344,0.602357985,1,0.567286791
0.297239915,0.602357985,0,0.419256041
0.297239915,0.603429796,0,0.188042044
0.298301486,0.603429796,1,0.488043565
0.298301486,0.604501608,0,0.110946456
0.299363057,0.604501608,0,0.696738167
0.299363057,0.607717042,1,0.514155974
0.300424628,0.607717042,1,0.547005442
0.300424628,0.612004287,1,0.389167248
0.302547771,0.612004287,1,0.519921572
0.302547771,0.613076099,1,0.740701171
0.304670913,0.613076099,0,0.534594688
0.304670913,0.615219721,0,0.515976192
0.305732484,0.615219721,0,0.379533993
0.305732484,0.617363344,0,0.625578543
0.306794055,0.617363344,0,0.259579545
0.306794055,0.619506967,0,0.35327513
0.307855626,0.619506967,0,0.717385621
0.307855626,0.620578778,0,0.596540848
0.308917197,0.620578778,0,0.580871956
0.308917197,0.623794212,1,0.650722707
0.309978769,0.623794212,1,0.165775603
0.309978769,0.625937835,1,0.574297896
0.312101911,0.625937835,1,0.756874659
0.312101911,0.628081458,1,0.76049234
0.316348195,0.628081458,1,0.740270546
0.316348195,0.629153269,1,0.402311154
0.317409766,0.629153269,1,0.443942301
0.317409766,0.63022508,0,0.366417049
0.318471338,0.63022508,0,0.43742379
0.318471338,0.632368703,0,0.495670606
0.32059448,0.632368703,0,0.367514632
0.32059448,0.634512326,1,0.797039631
0.321656051,0.634512326,1,0.666603489
0.321656051,0.635584137,0,0.200655964
0.325902335,0.635584137,0,0.425057519
0.325902335,0.636655949,1,0.194667932
0.326963907,0.636655949,0,0.063347841
0.326963907,0.63772776,0,0.560642656
0.331210191,0.63772776,1,0.614989861
0.331210191,0.638799571,1,0.60096508
0.332271762,0.638799571,1,0.096892801
0.332271762,0.640943194,0,0.663103318
0.334394904,0.640943194,0,0.379855338
0.334394904,0.642015005,1,0.517380744
0.336518047,0.642015005,1,0.511729285
0.336518047,0.645230439,1,0.263169401
0.338641189,0.645230439,1,0.559402108
0.338641189,0.649517685,0,0.525079043
0.33970276,0.649517685,0,0.185871128
0.33970276,0.651661308,1,0.631929542
0.342887473,0.651661308,1,0.778789836
0.342887473,0.652733119,0,0.150162215
0.348195329,0.652733119,1,0.662104356
0.348195329,0.65380493,0,0.419284939
0.3492569,0.65380493,0,0.280866722
0.3492569,0.662379421,0,0.554383683
0.350318471,0.662379421,1,0.316033697
0.350318471,0.663451233,1,0.555592555
0.351380042,0.663451233,0,0.420233514
0.351380042,0.664523044,0,0.374411369
0.353503185,0.664523044,0,0.371719695
0.353503185,0.666666667,0,0.326571134
0.354564756,0.666666667,1,0.500539487
0.354564756,0.667738478,0,0.430956902
0.356687898,0.667738478,0,0.428500613
0.356687898,0.668810289,0,0.50805032
0.359872611,0.668810289,1,0.774552871
0.359872611,0.672025723,1,0.538934873
0.360934183,0.672025723,0,0.726108508
0.360934183,0.675241158,0,0.595743533
0.361995754,0.675241158,1,0.319850321
0.361995754,0.676312969,1,0.49690749
0.363057325,0.676312969,0,0.411993959
0.363057325,0.67738478,0,0.800893362
0.364118896,0.67738478,1,0.599464851
0.364118896,0.679528403,1,0.673550314
0.365180467,0.679528403,1,0.485883079
0.365180467,0.682743837,0,0.658210266
0.369426752,0.682743837,1,0.742487789
0.369426752,0.68488746,1,0.607462695
0.370488323,0.68488746,1,0.837952353
0.370488323,0.688102894,1,0.491039033
0.375796178,0.688102894,1,0.513335686
0.375796178,0.690246517,1,0.562668116
0.376857749,0.690246517,1,0.611225689
0.376857749,0.692390139,0,0.753399383
0.384288747,0.692390139,0,0.215661092
0.384288747,0.693461951,0,0.745937887
0.388535032,0.693461951,0,0.424387553
0.388535032,0.695605573,1,0.583233097
0.392781316,0.695605573,1,0.626457997
0.392781316,0.704180064,1,0.500875219
0.394904459,0.704180064,1,0.673395525
0.394904459,0.705251876,0,0.622537023
0.398089172,0.705251876,0,0.579568363
0.398089172,0.70846731,1,0.683216534
0.399150743,0.70846731,1,0.62346905
0.399150743,0.709539121,0,0.367037601
0.402335456,0.709539121,0,0.453673599
0.402335456,0.710610932,1,0.77981035
0.404458599,0.710610932,0,0.248872151
0.404458599,0.713826367,1,0.384111832
0.40552017,0.713826367,1,0.556976054
0.40552017,0.714898178,1,0.576373644
0.407643312,0.714898178,1,0.227364312
0.407643312,0.718113612,1,0.630897631
0.412951168,0.718113612,0,0.234509973
0.412951168,0.720257235,0,0.641383232
0.414012739,0.720257235,1,0.490006008
0.414012739,0.721329046,0,0.217556087
0.41507431,0.721329046,0,0.449057974
0.41507431,0.722400857,0,0.604637366
0.416135881,0.722400857,1,0.500907063
0.416135881,0.725616292,1,0.332084627
0.417197452,0.725616292,1,0.706682788
0.417197452,0.726688103,1,0.701401573
0.419320594,0.726688103,1,0.389950602
0.419320594,0.729903537,0,0.219689862
0.429936306,0.729903537,1,0.50689125
0.429936306,0.73204716,1,0.786489561
0.433121019,0.73204716,0,0.680804186
0.433121019,0.733118971,1,0.488084998
0.43418259,0.733118971,1,0.421595537
0.43418259,0.735262594,0,0.725061649
0.435244161,0.735262594,0,0.373411901
0.435244161,0.738478028,0,0.286671381
0.439490446,0.738478028,1,0.636069731
0.439490446,0.739549839,0,0.588941146
0.441613588,0.739549839,1,0.430288119
0.441613588,0.741693462,1,0.696274155
0.442675159,0.741693462,0,0.572072727
0.442675159,0.744908896,0,0.293928709
0.452229299,0.744908896,0,0.503021529
0.452229299,0.74812433,0,0.078155311
0.456475584,0.74812433,1,0.612563482
0.456475584,0.750267953,1,0.613339372
0.462845011,0.750267953,0,0.432106503
0.462845011,0.751339764,1,0.638806865
0.463906582,0.751339764,1,0.748141896
0.463906582,0.754555198,0,0.573677517
0.464968153,0.754555198,1,0.675031031
0.464968153,0.756698821,1,0.628277398
0.466029724,0.756698821,0,0.303978809
0.466029724,0.758842444,1,0.148315056
0.468152866,0.758842444,0,0.698273071
0.468152866,0.760986066,0,0.365760576
0.469214437,0.760986066,0,0.727773235
0.469214437,0.762057878,0,0.483200267
0.47133758,0.762057878,0,0.235232768
0.47133758,0.763129689,1,0.828076108
0.476645435,0.763129689,1,0.841534326
0.476645435,0.765273312,1,0.517852691
0.481953291,0.765273312,1,0.584715238
0.481953291,0.768488746,0,0.699334154
0.484076433,0.768488746,0,0.515351821
0.484076433,0.769560557,0,0.109080609
0.486199575,0.769560557,1,0.601374522
0.486199575,0.772775991,0,0.071575526
0.487261146,0.772775991,0,0.409380474
0.487261146,0.773847803,0,0.471734681
0.49044586,0.773847803,1,0.348268376
0.49044586,0.775991426,0,0.573432853
0.491507431,0.775991426,0,0.309680852
0.491507431,0.777063237,1,0.441523897
0.492569002,0.777063237,1,0.785173715
0.492569002,0.77920686,1,0.657303139
0.497876858,0.77920686,0,0.556599995
0.497876858,0.781350482,0,0.429771172
0.498938429,0.781350482,1,0.682464488
0.498938429,0.784565916,0,0.680237076
0.5,0.784565916,0,0.466115889
0.5,0.786709539,0,0.441978131
0.502123142,0.786709539,0,0.322339305
0.502123142,0.78778135,0,0.503794638
0.503184713,0.78778135,1,0.63266428
0.503184713,0.789924973,0,0.534532085
0.504246285,0.789924973,0,0.371989585
0.504246285,0.790996785,0,0.385247202
0.505307856,0.790996785,0,0.494231116
0.505307856,0.792068596,0,0.171667969
0.506369427,0.792068596,1,0.747561149
0.506369427,0.793140407,1,0.587363505
0.510615711,0.793140407,0,0.36373944
0.510615711,0.794212219,0,0.636216094
0.511677282,0.794212219,0,0.448061009
0.511677282,0.79528403,1,0.623121584
0.513800425,0.79528403,0,0.111165547
0.513800425,0.800643087,1,0.557703826
0.514861996,0.800643087,1,0.531134984
0.514861996,0.801714898,1,0.49225641
0.515923567,0.801714898,0,0.555654157
0.515923567,0.803858521,1,0.7707252
0.518046709,0.803858521,0,0.372953006
0.518046709,0.804930332,1,0.507283882
0.520169851,0.804930332,1,0.538101145
0.520169851,0.806002144,1,0.600192648
0.522292994,0.806002144,0,0.391672113
0.522292994,0.809217578,1,0.547022213
0.523354565,0.809217578,0,0.35493119
0.523354565,0.810289389,0,0.351997405
0.524416136,0.810289389,1,0.723091484
0.524416136,0.8113612,0,0.269238797
0.525477707,0.8113612,1,0.548056074
0.525477707,0.812433012,1,0.670117444
0.535031847,0.812433012,0,0.331811622
0.535031847,0.814576635,0,0.425098617
0.537154989,0.814576635,1,0.71704049
0.537154989,0.815648446,0,0.37119603
0.540339703,0.815648446,0,0.434544425
0.540339703,0.817792069,0,0.558578406
0.543524416,0.817792069,1,0.331648198
0.543524416,0.819935691,1,0.521553923
0.545647558,0.819935691,0,0.291392971
0.545647558,0.822079314,1,0.557114534
0.547770701,0.822079314,0,0.574557167
0.547770701,0.824222937,0,0.319145456
0.549893843,0.824222937,1,0.642310476
0.549893843,0.825294748,0,0.324676451
0.553078556,0.825294748,0,0.690615381
0.553078556,0.826366559,1,0.829696498
0.554140127,0.826366559,1,0.6297284
0.554140127,0.827438371,1,0.565789287
0.557324841,0.827438371,0,0.624061866
0.557324841,0.828510182,0,0.326384295
0.560509554,0.828510182,0,0.358353317
0.560509554,0.829581994,1,0.660145688
0.56581741,0.829581994,1,0.726947296
0.56581741,0.830653805,1,0.819723909
0.567940552,0.830653805,1,0.571478335
0.567940552,0.833869239,1,0.591777012
0.570063694,0.833869239,1,0.497870904
0.570063694,0.83494105,0,0.345026871
0.571125265,0.83494105,0,0.192106976
0.571125265,0.836012862,0,0.690489409
0.574309979,0.836012862,1,0.703965791
0.574309979,0.838156484,1,0.606049613
0.57537155,0.838156484,0,0.38662666
0.57537155,0.840300107,0,0.490596864
0.576433121,0.840300107,1,0.523768917
0.576433121,0.844587353,1,0.275518546
0.577494692,0.844587353,1,0.568596164
0.577494692,0.849946409,1,0.731074935
0.578556263,0.849946409,1,0.462344413
0.578556263,0.852090032,0,0.212726738
0.579617834,0.852090032,0,0.55523495
0.579617834,0.853161844,1,0.470526949
0.582802548,0.853161844,1,0.735189646
0.582802548,0.854233655,0,0.547304825
0.587048832,0.854233655,1,0.375043836
0.587048832,0.855305466,1,0.304505296
0.591295117,0.855305466,0,0.569657638
0.591295117,0.856377278,0,0.208733689
0.593418259,0.856377278,1,0.420658464
0.593418259,0.857449089,0,0.860474288
0.595541401,0.857449089,1,0.382200712
0.595541401,0.8585209,1,0.556420297
0.596602972,0.8585209,1,0.542463054
0.596602972,0.860664523,0,0.195590487
0.599787686,0.860664523,0,0.614694368
0.599787686,0.864951768,0,0.353636179
0.605095541,0.864951768,1,0.699689917
0.605095541,0.868167203,1,0.655030193
0.608280255,0.868167203,0,0.400827259
0.608280255,0.869239014,0,0.653846174
0.610403397,0.869239014,0,0.491278936
0.610403397,0.871382637,1,0.506769512
0.61358811,0.871382637,0,0.297571896
0.61358811,0.877813505,1,0.782977798
0.614649682,0.877813505,1,0.816096666
0.614649682,0.878885316,0,0.453347729
0.617834395,0.878885316,0,0.547963504
0.617834395,0.879957128,0,0.373311147
0.618895966,0.879957128,1,0.746966626
0.618895966,0.883172562,0,0.583975861
0.619957537,0.883172562,1,0.53371214
0.619957537,0.884244373,0,0.555522511
0.622080679,0.884244373,1,0.521643422
0.622080679,0.886387996,1,0.625773242
0.625265393,0.886387996,0,0.563911881
0.625265393,0.88960343,1,0.702238499
0.627388535,0.88960343,1,0.602985932
0.627388535,0.890675241,1,0.435899892
0.629511677,0.890675241,1,0.718252549
0.629511677,0.891747053,0,0.542010281
0.630573248,0.891747053,1,0.473798108
0.630573248,0.892818864,0,0.190404528
0.640127389,0.892818864,1,0.459123048
0.640127389,0.893890675,1,0.649048012
0.644373673,0.893890675,0,0.200308291
0.644373673,0.894962487,0,0.33322733
0.665605096,0.894962487,1,0.595784875
0.665605096,0.896034298,1,0.56519199
0.67940552,0.896034298,1,0.535643773
0.67940552,0.897106109,0,0.236010162
0.680467091,0.897106109,0,0.693207947
0.680467091,0.898177921,0,0.446671236
0.682590234,0.898177921,1,0.394249067
0.682590234,0.899249732,1,0.555593856
0.693205945,0.899249732,0,0.669786799
0.693205945,0.903536977,1,0.425433275
0.694267516,0.903536977,1,0.402369721
0.694267516,0.904608789,1,0.627317734
0.699575372,0.904608789,0,0.472721129
0.699575372,0.9056806,1,0.774930968
0.702760085,0.9056806,1,0.517617251
0.702760085,0.906752412,1,0.633334059
0.703821656,0.906752412,0,0.264798995
0.703821656,0.908896034,1,0.746491538
0.704883227,0.908896034,0,0.407048698
0.704883227,0.911039657,0,0.305320035
0.71656051,0.911039657,1,0.652010276
0.71656051,0.912111468,0,0.29590935
0.720806794,0.912111468,1,0.613860842
0.720806794,0.91318328,0,0.376067711
0.721868365,0.91318328,1,0.516136035
0.721868365,0.914255091,0,0.277746492
0.722929936,0.914255091,1,0.547144299
0.722929936,0.916398714,1,0.539707406
0.723991507,0.916398714,1,0.64512829
0.723991507,0.917470525,1,0.667125483
0.729299363,0.917470525,1,0.710987561
0.729299363,0.918542337,0,0.621746653
0.733545648,0.918542337,1,0.460714092
0.733545648,0.920685959,0,0.159827027
0.736730361,0.920685959,0,0.601987325
0.736730361,0.922829582,1,0.494617472
0.738853503,0.922829582,1,0.638395173
0.738853503,0.923901393,0,0.286112689
0.739915074,0.923901393,0,0.600430613
0.739915074,0.927116827,1,0.576548058
0.74522293,0.927116827,0,0.439664938
0.74522293,0.928188639,0,0.551961478
0.746284501,0.928188639,1,0.333264339
0.746284501,0.92926045,0,0.446570498
0.753715499,0.92926045,1,0.30798433
0.753715499,0.930332262,1,0.595267178
0.755838641,0.930332262,0,0.608945425
0.755838641,0.931404073,1,0.416600151
0.757961783,0.931404073,0,0.67964532
0.757961783,0.933547696,0,0.320564814
0.762208068,0.933547696,1,0.642962864
0.762208068,0.934619507,1,0.630675432
0.76433121,0.934619507,1,0.590066812
0.76433121,0.935691318,1,0.770806517
0.770700637,0.935691318,1,0.497314449
0.770700637,0.93676313,0,0.536516505
0.771762208,0.93676313,1,0.602769494
0.771762208,0.937834941,1,0.591633358
0.784501062,0.937834941,1,0.721638625
0.784501062,0.938906752,1,0.591140343
0.785562633,0.938906752,0,0.602571973
0.785562633,0.939978564,1,0.613325879
0.786624204,0.939978564,0,0.640242
0.786624204,0.941050375,1,0.603527587
0.790870488,0.941050375,0,0.299644285
0.790870488,0.942122186,0,0.185572548
0.795116773,0.942122186,1,0.551162396
0.795116773,0.943193998,1,0.72856055
0.799363057,0.943193998,1,0.507709005
0.799363057,0.944265809,0,0.267662718
0.802547771,0.944265809,1,0.571726565
0.802547771,0.945337621,0,0.378921794
0.82059448,0.945337621,0,0.269983409
0.82059448,0.947481243,1,0.384183584
0.83014862,0.947481243,1,0.714006477
0.83014862,0.948553055,0,0.629094311
0.832271762,0.948553055,1,0.28662196
0.832271762,0.949624866,1,0.610814307
0.838641189,0.949624866,0,0.472608065
0.838641189,0.950696677,1,0.35509699
0.843949045,0.950696677,0,0.251289849
0.843949045,0.9528403,0,0.369221208
0.8492569,0.9528403,0,0.220453947
0.8492569,0.953912111,0,0.591161271
0.852441614,0.953912111,1,0.332283326
0.852441614,0.954983923,0,0.573975175
0.853503185,0.954983923,1,0.52844121
0.853503185,0.956055734,0,0.373246272
0.857749469,0.956055734,1,0.57408776
0.857749469,0.961414791,0,0.400575523
0.85881104,0.961414791,1,0.186995076
0.85881104,0.962486602,1,0.61456289
0.866242038,0.962486602,0,0.064926333
0.866242038,0.964630225,1,0.763161887
0.867303609,0.964630225,1,0.622668619
0.867303609,0.965702036,0,0.719676761
0.869426752,0.965702036,1,0.740871356
0.869426752,0.966773848,1,0.642443224
0.870488323,0.966773848,1,0.698666485
0.870488323,0.967845659,1,0.097842658
0.873673036,0.967845659,0,0.521412996
0.873673036,0.969989282,0,0.52000702
0.876857749,0.969989282,0,0.519166903
0.876857749,0.971061093,1,0.415213492
0.880042463,0.971061093,1,0.568975978
0.880042463,0.972132905,1,0.604113058
0.882165605,0.972132905,0,0.508490843
0.882165605,0.973204716,0,0.160049066
0.885350318,0.973204716,1,0.535031578
0.885350318,0.974276527,0,0.628645223
0.889596603,0.974276527,1,0.821998928
0.889596603,0.975348339,1,0.530245871
0.894904459,0.975348339,1,0.456682014
0.894904459,0.97642015,1,0.739869154
0.908704883,0.97642015,0,0.324870841
0.908704883,0.977491961,0,0.315223971
0.917197452,0.977491961,1,0.537054746
0.917197452,0.978563773,1,0.800732019
0.928874735,0.978563773,1,0.595121278
0.928874735,0.979635584,0,0.336128901
0.935244161,0.979635584,0,0.430644418
0.935244161,0.980707395,0,0.290572111
0.936305732,0.980707395,1,0.486148109
0.936305732,0.981779207,0,0.202197643
0.939490446,0.981779207,1,0.571985278
0.939490446,0.98392283,1,0.580522733
0.942675159,0.98392283,1,0.051020069
0.942675159,0.984994641,0,0.709604272
0.944798301,0.984994641,0,0.815787338
0.944798301,0.986066452,1,0.478293562
0.946921444,0.986066452,0,0.053709367
0.946921444,0.987138264,0,0.141002933
0.950106157,0.987138264,1,0.803905718
0.950106157,0.988210075,1,0.567601977
0.95329087,0.988210075,0,0.404296024
0.95329087,0.989281886,1,0.810929524
0.956475584,0.989281886,0,0.358952381
0.956475584,0.990353698,0,0.411232676
0.966029724,0.990353698,1,0.100853141
0.966029724,0.991425509,0,0.400565218
0.972399151,0.991425509,1,0.79933564
0.972399151,0.99249732,0,0.670121895
0.974522293,0.99249732,0,0.538660442
0.974522293,0.995712755,1,0.599021911
0.976645435,0.995712755,1,0.130602207
0.976645435,0.996784566,1,0.726024448
0.978768577,0.996784566,1,0.541229697
0.978768577,0.997856377,1,0.444042064
0.996815287,0.997856377,0,0.662814679
0.996815287,1,0,0.537452634
1,1,0,0.316111144
,,1,0.45998544
,,1,0.527507792
,,1,0.757609672
,,0,0.392491947
,,1,0.53664481
,,0,0.366297624
,,0,0.270912539
,,0,0.430996154
,,1,0.561773006
,,1,0.632163068
,,0,0.384836634
,,0,0.324247796
,,1,0.285761603
,,0,0.281041679
,,0,0.195879451
,,1,0.64501941
,,1,0.692640939
,,0,0.035865943
,,0,0.276251873
,,0,0.290952915
,,1,0.572648987
,,1,0.585732652
,,0,0.098223546
,,0,0.761001951
,,1,0.558622861
,,0,0.48667731
,,1,0.577452588
,,1,0.619763257
,,0,0.422236645
,,1,0.386532713
,,0,0.581505687
,,1,0.579289008
,,0,0.2600557
,,0,0.487205602
,,1,0.384182769
,,0,0.506287039
,,1,0.307784159
,,1,0.538909655
,,1,0.587931588
,,1,0.31062832
,,1,0.284740453
,,0,0.713537754
,,1,0.697818257
,,0,0.045861241
,,1,0.489347567
,,1,0.149170975
,,0,0.419713771
,,1,0.587667462
,,0,0.566593287
,,1,0.574839277
,,0,0.467283949
,,0,0.688368619
,,1,0.605195766
,,0,0.346606052
,,1,0.665468078
,,0,0.585122266
,,1,0.640224486
,,0,0.620197244
,,0,0.259681115
,,0,0.48348797
,,0,0.489695745
,,0,0.149315458
,,0,0.116274753
,,0,0.461031132
,,0,0.477804394
,,0,0.569838448
,,0,0.661217289
,,1,0.796590104
,,1,0.471188719
,,1,0.759969173
,,1,0.49965487
,,0,0.376066481
,,1,0.475581687
,,1,0.640969419
,,0,0.403890461
,,0,0.520691173
,,1,0.624129026
,,0,0.40577077
,,0,0.431888446
,,0,0.567762409
,,1,0.50427496
,,1,0.466949264
,,0,0.67823666
,,1,0.543698745
,,1,0.763692353
,,1,0.592253037
,,1,0.742607124
,,0,0.283427822
,,0,0.331242853
,,0,0.202134829
,,0,0.759061275
,,1,0.319371649
,,1,0.616782726
,,0,0.330160661
,,0,0.529466595
,,1,0.629851692
,,0,0.592077695
,,1,0.617328943
,,1,0.233233808
,,1,0.275382749
,,0,0.810460129
,,1,0.76271211
,,0,0.505517079
,,0,0.77902719
,,0,0.566671759
,,1,0.750243242
,,0,0.364955812
,,1,0.674381755
,,1,0.509780794
,,0,0.63351548
,,1,0.53076486
,,0,0.715278885
,,1,0.468139277
,,1,0.660699713
,,1,0.668652769
,,1,0.812040022
,,1,0.490609203
,,0,0.535329312
,,0,0.449822854
,,0,0.501630498
,,1,0.577758769
,,1,0.810342969
,,1,0.625296619
,,1,0.561559266
,,1,0.490400804
,,0,0.532031705
,,0,0.676236451
,,1,0.323755562
,,1,0.677802778
,,0,0.615679629
,,0,0.750890165
,,0,0.457614922
,,1,0.760746276
,,0,0.361503809
,,1,0.45149143
,,0,0.586342482
,,1,0.6789504
,,1,0.665794092
,,0,0.596517295
,,0,0.169248027
,,1,0.640247378
,,1,0.431492506
,,0,0.527527584
,,0,0.502165313
,,1,0.626250589
,,0,0.265667652
,,1,0.713991465
,,0,0.557317178
,,0,0.399176632
,,0,0.566651751
,,1,0.21617321
,,1,0.447039991
,,1,0.802340929
,,1,0.517768846
,,1,0.546836598
,,1,0.66072099
,,1,0.722550752
,,0,0.235405803
,,0,0.405451968
,,0,0.235598573
,,1,0.839882307
,,0,0.601014499
,,0,0.759408797
,,0,0.687903685
,,0,0.466464958
,,0,0.389102951
,,1,0.4547469
,,0,0.731182475
,,0,0.686136873
,,1,0.540226242
,,1,0.436572639
,,1,0.684426125
,,1,0.49357159
,,0,0.382974458
,,0,0.41111272
,,1,0.202750556
,,0,0.493186534
,,0,0.657930474
,,1,0.489980218
,,1,0.537484857
,,1,0.779122203
,,1,0.802496545
,,0,0.139787418
,,0,0.213534923
,,0,0.785646999
,,1,0.520713975
,,0,0.372275273
,,1,0.621449381
,,1,0.746306247
,,0,0.261343132
,,0,0.176420924
,,0,0.534808662
,,1,0.40336999
,,0,0.18904446
,,1,0.604022935
,,1,0.607884073
,,1,0.53023163
,,0,0.645847906
,,0,0.808010471
,,1,0.522643616
,,1,0.429676299
,,1,0.399788411
,,0,0.467684755
,,0,0.218024171
,,1,0.627886248
,,0,0.485382531
,,1,0.561446776
,,1,0.400433333
,,1,0.420651247
,,1,0.543201609
,,0,0.587038398
,,0,0.595143366
,,0,0.512109447
,,1,0.572373631
,,1,0.732049141
,,0,0.606206919
,,1,0.389203329
,,0,0.307660428
,,1,0.646072365
,,0,0.111715598
,,0,0.198053751
,,0,0.603553663
,,0,0.458196697
,,1,0.46439012
,,0,0.070878497
,,1,0.751648398
,,1,0.795861847
,,0,0.407865741
,,1,0.568976324
,,1,0.484037426
,,0,0.565065167
,,1,0.639285453
,,0,0.539646883
,,0,0.679669494
,,1,0.624594171
,,0,0.18936375
,,0,0.375378151
,,1,0.684368833
,,1,0.480342628
,,0,0.381342393
,,0,0.347373877
,,0,0.401811643
,,0,0.527345427
,,0,0.763346908
,,1,0.788371655
,,1,0.833940907
,,0,0.65127303
,,0,0.474023247
,,1,0.665647313
,,1,0.783117741
,,1,0.738626181
,,1,0.677112302
,,0,0.587777422
,,0,0.487249905
,,1,0.807101708
,,0,0.777774131
,,0,0.626713595
,,1,0.674305718
,,1,0.603421227
,,1,0.627478007
,,0,0.647328393
,,0,0.283677261
,,1,0.816769463
,,1,0.484101623
,,0,0.652634537
,,1,0.655160644
,,1,0.428409577
,,0,0.065067314
,,1,0.45135344
,,0,0.127431964
,,0,0.266935253
,,0,0.309585255
,,1,0.239685221
,,1,0.5704281
,,1,0.517064751
,,0,0.439790378
,,1,0.653588632
,,0,0.539785724
,,0,0.342339071
,,1,0.515870118
,,0,0.40079994
,,0,0.537704652
,,0,0.609752076
,,1,0.600833393
,,1,0.649963687
,,1,0.854980817
,,0,0.603943433
,,0,0.561583968
,,0,0.141132425
,,0,0.132815007
,,1,0.659848619
,,0,0.445582129
,,1,0.573927487
,,1,0.448557432
,,0,0.610382052
,,1,0.502630949
,,1,0.624194331
,,0,0.727148465
,,1,0.81563235
,,1,0.422324456
,,0,0.31821745
,,1,0.684337866
,,0,0.334274421
,,1,0.785691167
,,0,0.566109777
,,0,0.267965635
,,0,0.530729079
,,1,0.563268594
,,1,0.641572456
,,1,0.787656036
,,0,0.589477844
,,1,0.633837343
,,0,0.494344954
,,0,0.465548451
,,0,0.305667451
,,0,0.475759398
,,0,0.596004669
,,0,0.308081144
,,1,0.607180879
,,0,0.335953743
,,1,0.775256623
,,1,0.7387841
,,1,0.429614193
,,1,0.396304736
,,1,0.817666088
,,1,0.691430557
,,1,0.394854471
,,1,0.418813681
,,0,0.47702483
,,0,0.33046908
,,0,0.486730504
,,0,0.285831225
,,1,0.617709094
,,0,0.533531795
,,1,0.544075622
,,1,0.218984896
,,0,0.42954534
,,1,0.646418606
,,1,0.221834476
,,1,0.694135056
,,1,0.394469423
,,1,0.584990309
,,1,0.720101219
,,0,0.476179624
,,1,0.683479439
,,0,0.33351282
,,1,0.677774174
,,1,0.500287033
,,1,0.798767842
,,1,0.691809943
,,0,0.710256395
,,1,0.78619566
,,0,0.550802962
,,1,0.717466051
,,0,0.496824672
,,0,0.681119247
,,0,0.583522599
,,0,0.496280862
,,0,0.726833781
,,1,0.728403212
,,1,0.818673099
,,0,0.655455267
,,1,0.558344874
,,0,0.56822274
,,1,0.601626593
,,0,0.640546246
,,1,0.60338204
,,1,0.15132237
,,0,0.606101788
,,0,0.572556129
,,0,0.185873007
,,0,0.279863704
,,0,0.306968723
,,0,0.646922966
,,1,0.61686902
,,0,0.512919936
,,1,0.118722469
,,1,0.57741182
,,1,0.356101578
,,0,0.650493065
,,0,0.544669956
,,1,0.444596429
,,1,0.595111178
,,1,0.663483792
,,0,0.778830853
,,1,0.629593707
,,0,0.371803454
,,1,0.49981585
,,1,0.587526188
,,1,0.587677718
,,1,0.5752119
,,0,0.632969924
,,1,0.484154956
,,0,0.170583327
,,1,0.298449716
,,0,0.294852345
,,1,0.657340606
,,1,0.66432531
,,1,0.710883907
,,1,0.758098581
,,0,0.465536777
,,1,0.546413096
,,0,0.461485657
,,0,0.389916247
,,0,0.428536553
,,0,0.261538218
,,0,0.360653946
,,1,0.154789658
,,1,0.743674796
,,0,0.258170819
,,0,0.135216543
,,1,0.675479606
,,0,0.499018989
,,0,0.526872759
,,1,0.309473234
,,1,0.583344644
,,0,0.239387766
,,1,0.76578568
,,0,0.508975898
,,1,0.588222391
,,1,0.589087351
,,1,0.752153986
,,1,0.403113457
,,1,0.694565895
,,1,0.528833911
,,1,0.564652574
,,0,0.280981724
,,1,0.489827872
,,1,0.612148541
,,0,0.468709181
,,0,0.548811197
,,1,0.299201144
,,0,0.4297
,,0,0.556048576
,,0,0.508800746
,,0,0.410396287
,,1,0.742682681
,,0,0.373772897
,,1,0.622757932
,,0,0.276512314
,,1,0.3467851
,,1,0.812275996
,,1,0.393532093
,,1,0.818313459
,,1,0.695766773
,,1,0.710210377
,,1,0.633225565
,,1,0.734581821
,,1,0.425869407
,,1,0.836679231
,,0,0.569363525
,,1,0.581577301
,,1,0.753179335
,,1,0.752844053
,,0,0.399188478
,,1,0.660774241
,,1,0.496828657
,,1,0.547779462
,,0,0.452410657
,,1,0.594901287
,,0,0.444852503
,,0,0.22312867
,,1,0.33579106
,,1,0.565370759
,,0,0.523895145
,,1,0.357759174
,,0,0.679200519
,,0,0.505504784
,,1,0.530485119
,,1,0.450094213
,,0,0.727932997
,,1,0.363647634
,,1,0.575143465
,,1,0.468094386
,,1,0.46027608
,,1,0.703524901
,,1,0.44996984
,,0,0.626637256
,,1,0.141185866
,,1,0.435424669
,,1,0.430803939
,,1,0.756392619
,,1,0.415410203
,,1,0.557230677
,,0,0.615703328
,,0,0.422744321
,,0,0.28614654
,,1,0.814104317
,,1,0.821611187
,,1,0.320548984
,,1,0.707632626
,,0,0.540384825
,,0,0.741921913
,,0,0.476771644
,,0,0.568644979
,,0,0.656849499
,,0,0.56590338
,,0,0.527309713
,,1,0.380922067
,,1,0.716853826
,,0,0.592928008
,,1,0.603336782
,,1,0.612488526
,,1,0.653695073
,,0,0.552731727
,,0,0.599376173
,,0,0.213951711
,,0,0.594550141
,,0,0.459849821
,,0,0.390783064
,,0,0.633402713
,,0,0.363641943
,,1,0.581898244
,,1,0.616942144
,,1,0.793591684
,,1,0.743098525
,,0,0.580033331
,,0,0.215471116
,,1,0.787562475
,,1,0.737786407
,,1,0.610705198
,,1,0.569983554
,,1,0.71899409
,,0,0.556544361
,,0,0.664113652
,,1,0.738425082
,,1,0.547338941
,,1,0.469008327
,,0,0.76472067
,,0,0.339950766
,,0,0.753746901
,,1,0.407996689
,,1,0.576570919
,,0,0.367937784
,,0,0.283859821
,,0,0.275202582
,,0,0.296615456
,,1,0.523334193
,,1,0.294439423
,,1,0.642994059
,,1,0.754976139
,,0,0.425369782
,,1,0.600385853
,,0,0.217637744
,,1,0.492619968
,,1,0.678346431
,,0,0.568703041
,,0,0.551262754
,,1,0.646478099
,,1,0.785498221
,,1,0.462009416
,,0,0.558801534
,,0,0.190202597
,,1,0.580512113
,,0,0.303138083
,,0,0.453833581
,,1,0.620712998
,,1,0.245869921
,,1,0.346609554
,,0,0.283562428
,,0,0.562670785
,,0,0.370429194
,,0,0.544030653
,,0,0.558708282
,,1,0.227976706
,,1,0.392442658
,,1,0.542788315
,,0,0.492893848
,,0,0.594684891
,,1,0.605809351
,,0,0.507108939
,,0,0.150731532
,,0,0.110575057
,,1,0.601304258
,,0,0.253956703
,,1,0.4161163
,,1,0.73256977
,,1,0.548129478
,,0,0.620316613
,,0,0.444826073
,,1,0.653680771
,,1,0.531949451
,,0,0.059874709
,,1,0.41330272
,,0,0.430681975
,,0,0.588984354
,,0,0.189430193
,,0,0.488727565
,,0,0.786258665
,,0,0.627761782
,,0,0.196037115
,,1,0.66008661
,,0,0.303415315
,,0,0.538574573
,,0,0.433806422
,,1,0.841932882
,,1,0.449111087
,,1,0.474777615
,,0,0.511057612
,,1,0.439307263
,,1,0.455835407
,,0,0.638956768
,,1,0.510778346
,,1,0.60016489
,,1,0.400007608
,,1,0.520124619
,,1,0.25169408
,,1,0.597240138
,,1,0.429129251
,,1,0.633947455
,,1,0.552878036
,,0,0.371834998
,,1,0.697461391
,,0,0.463725063
,,0,0.197574478
,,0,0.75628399
,,1,0.511480808
,,0,0.116256969
,,0,0.396324099
,,1,0.591868487
,,1,0.634076007
,,0,0.349704444
,,1,0.413750798
,,0,0.377285838
,,0,0.682720394
,,1,0.553503375
,,0,0.315814491
,,0,0.215654996
,,0,0.569511309
,,1,0.551575124
,,1,0.583820471
,,0,0.355114243
,,0,0.295717785
,,0,0.480860218
,,1,0.627386922
,,1,0.539756939
,,1,0.603591725
,,0,0.273107497
,,0,0.398836962
,,0,0.447122176
,,1,0.524018773
,,1,0.410746349
,,1,0.593973563
,,0,0.608139732
,,1,0.546651303
,,1,0.362519012
,,0,0.449551554
,,0,0.526029931
,,0,0.312342823
,,1,0.395852247
,,0,0.278774147
,,1,0.461546489
,,0,0.501507663
,,1,0.54003522
,,0,0.468485758
,,1,0.787780204
,,1,0.688987345
,,1,0.513292868
,,0,0.489096404
,,1,0.324958812
,,1,0.522286328
,,0,0.595989766
,,1,0.624332434
,,1,0.389713399
,,1,0.635454362
,,0,0.435488263
,,0,0.570907855
,,0,0.275129673
,,0,0.310691961
,,0,0.361732887
,,1,0.65834261
,,1,0.140046823
,,1,0.614169522
,,1,0.579059523
,,0,0.363431241
,,0,0.566115525
,,0,0.623493625
,,0,0.419178628
,,0,0.497651913
,,0,0.527448314
,,0,0.36905791
,,1,0.546436672
,,1,0.734303907
,,1,0.616402883
,,0,0.451451848
,,0,0.28549994
,,0,0.425846641
,,0,0.484910661
,,1,0.406174176
,,1,0.636996419
,,0,0.695807213
,,0,0.555309835
,,0,0.564658126
,,0,0.3216956
,,0,0.36737179
,,1,0.246889117
,,0,0.56915028
,,0,0.532888638
,,0,0.285543395
,,1,0.438047531
,,0,0.30727269
,,1,0.699302636
,,1,0.321027965
,,0,0.601747324
,,0,0.388518033
,,0,0.517643655
,,0,0.354955157
,,1,0.599235415
,,1,0.394973507
,,0,0.430179123
,,1,0.825180163
,,1,0.673726596
,,1,0.711935094
,,0,0.279762316
,,0,0.520757331
,,0,0.46368208
,,1,0.385600506
,,1,0.50297465
,,0,0.465304195
,,1,0.243113563
,,0,0.59917513
,,0,0.154255029
,,1,0.722875735
,,0,0.295279807
,,0,0.427979486
,,1,0.554223471
,,0,0.545608989
,,0,0.213769282
,,0,0.715661266
,,1,0.246397703
,,1,0.358011777
,,1,0.597892806
,,0,0.083415433
,,0,0.556836008
,,1,0.415625842
,,0,0.406174381
,,1,0.470085109
,,0,0.491681149
,,0,0.266060697
,,1,0.616854635
,,0,0.319009626
,,1,0.680136969
,,0,0.430617087
,,0,0.207505778
,,0,0.567395799
,,1,0.597384679
,,1,0.430367205
,,1,0.607562919
,,1,0.470493785
,,1,0.702395814
,,0,0.646240334
,,0,0.491172671
,,1,0.598673448
,,1,0.457598373
,,0,0.503296749
,,1,0.686627634
,,0,0.5759286
,,0,0.640042415
,,1,0.60187478
,,1,0.618527908
,,1,0.750137489
,,0,0.380302702
,,0,0.371792796
,,0,0.504877687
,,1,0.65151544
,,1,0.777985174
,,0,0.766569236
,,0,0.667216924
,,1,0.792209561
,,0,0.524551994
,,0,0.476658617
,,1,0.742999169
,,1,0.778428178
,,1,0.561662359
,,0,0.73035222
,,0,0.203370352
,,1,0.552818758
,,1,0.614184144
,,0,0.407697765
,,0,0.484625506
,,0,0.495044095
,,1,0.552627027
,,0,0.230081711
,,0,0.462896279
,,0,0.367384804
,,0,0.691391595
,,1,0.515859527
,,0,0.601365788
,,0,0.369590233
,,0,0.516426039
,,0,0.24971382
,,1,0.574953779
,,1,0.587895738
,,0,0.509358461
,,1,0.701517114
,,0,0.433775593
,,0,0.79919372
,,0,0.474573227
,,0,0.565211903
,,0,0.42009387
,,1,0.612745709
,,0,0.160392464
,,0,0.690060039
,,0,0.378443903
,,1,0.617374907
,,1,0.71456437
,,1,0.523358228
,,0,0.342462272
,,0,0.252559274
,,0,0.167696493
,,1,0.618755115
,,0,0.526058728
,,0,0.512821957
,,0,0.697327221
,,0,0.37612046
,,0,0.310831325
,,0,0.289026039
,,0,0.312024039
,,0,0.365540802
,,1,0.540194686
,,0,0.811953292
,,1,0.49963585
,,1,0.433857361
,,1,0.778035563
,,1,0.802268849
,,0,0.282964327
,,1,0.650673603
,,1,0.633355006
,,1,0.484521004
,,1,0.551015342
,,0,0.189880289
,,0,0.642056985
,,0,0.545880085
,,1,0.795227659
,,1,0.781387604
,,0,0.532753498
,,1,0.484677594
,,1,0.483104234
,,0,0.426227034
,,1,0.567672259
,,0,0.547637159
,,0,0.27040098
,,0,0.742612177
,,1,0.470867005
,,0,0.277881322
,,1,0.723961332
,,1,0.621649529
,,0,0.197668492
,,0,0.144913658
,,1,0.617323529
,,0,0.685650864
,,0,0.114916721
,,1,0.760024294
,,0,0.573983943
,,0,0.261823612
,,0,0.564320246
,,1,0.349089168
,,1,0.460149975
,,0,0.512752074
,,1,0.215733372
,,1,0.630603126
,,0,0.546918713
,,0,0.109462399
,,1,0.627417735
,,0,0.484405752
,,1,0.622087932
,,0,0.623428415
,,0,0.665209981
,,0,0.058842295
,,0,0.58484477
,,0,0.087073296
,,0,0.650891242
,,1,0.565525906
,,1,0.631174534
,,0,0.615075141
,,0,0.259636892
,,0,0.395096564
,,1,0.751693284
,,1,0.526983431
,,1,0.501133811
,,0,0.660489682
,,1,0.772172194
,,1,0.664341133
,,0,0.5603169
,,1,0.76823188
,,1,0.744021903
,,1,0.443235426
,,1,0.75049902
,,1,0.349976707
,,0,0.071237549
,,0,0.200788001
,,1,0.645173723
,,0,0.48351491
,,1,0.671638665
,,0,0.476994838
,,0,0.42743259
,,0,0.604663504
,,0,0.48712151
,,1,0.434655902
,,1,0.735370929
,,1,0.706222502
,,1,0.404980326
,,1,0.470786327
,,1,0.550050482
,,1,0.630151723
,,0,0.454139769
,,0,0.470565388
,,1,0.655915432
,,1,0.69101317
,,0,0.584999535
,,0,0.408232131
,,0,0.530094887
,,0,0.446399526
,,1,0.624979595
,,1,0.565938562
,,1,0.676602848
,,0,0.536622275
,,0,0.367724097
,,0,0.298822777
,,1,0.209123047
,,1,0.222672202
,,1,0.583443283
,,0,0.49899941
,,0,0.594744578
,,0,0.538102833
,,0,0.342935299
,,0,0.297071837
,,1,0.64880342
,,1,0.257297221
,,1,0.44786082
,,1,0.323968386
,,0,0.607447844
,,0,0.404998434
,,1,0.259814209
,,0,0.486704575
,,1,0.729331076
,,0,0.395194093
,,0,0.57972584
,,0,0.228740946
,,1,0.614472049
,,0,0.421653632
,,0,0.714094455
,,1,0.325042214
,,0,0.381022547
,,1,0.475141971
,,1,0.435793278
,,0,0.199539458
,,1,0.678916448
,,0,0.43228991
,,0,0.574263394
,,1,0.763517065
,,1,0.379921458
,,1,0.417210801
,,0,0.408628893
,,1,0.693258432
,,1,0.355904925
,,0,0.216161489
,,0,0.297962447
,,1,0.519303192
,,1,0.406911549
,,1,0.527498067
,,1,0.618225689
,,0,0.379145554
,,0,0.421591705
,,0,0.433618037
,,1,0.465295646
,,1,0.527553508
,,0,0.377072165
,,0,0.343506565
,,0,0.455911829
,,0,0.471058557
,,0,0.330550807
,,1,0.717074307
,,1,0.706515104
,,0,0.432491412
,,0,0.460548423
,,0,0.477074124
,,1,0.44561962
,,0,0.099876723
,,0,0.474659839
,,0,0.358076257
,,0,0.63893484
,,0,0.646822875
,,1,0.36345171
,,0,0.553881913
,,0,0.49026178
,,1,0.58784431
,,1,0.678409271
,,1,0.683976941
,,0,0.23033564
,,1,0.726153048
,,1,0.54855035
,,0,0.518110885
,,0,0.365240134
,,1,0.585763271
,,0,0.224298929
,,0,0.598338138
,,1,0.424715467
,,0,0.504849654
,,0,0.560832754
,,1,0.478423048
,,0,0.298046291
,,0,0.530612478
,,0,0.166587006
,,1,0.42886606
,,1,0.791128638
,,0,0.411310781
,,1,0.489831953
,,1,0.419056477
,,0,0.47012215
,,0,0.628823535
,,1,0.603121948
,,1,0.773477335
,,0,0.601478101
,,1,0.605770941
,,1,0.115369816
,,0,0.413958827
,,0,0.43739502
,,1,0.253523659
,,0,0.26125668
,,1,0.4414274
,,0,0.163883827
,,1,0.675273428
,,1,0.509942777
,,1,0.842792459
,,0,0.268402964
,,0,0.076778566
,,1,0.602667891
,,0,0.091962262
,,0,0.074829628
,,0,0.486336652
,,0,0.350279057
,,1,0.467640813
,,0,0.560990989
,,0,0.307022697
,,0,0.421817764
,,1,0.603525923
,,0,0.157927512
,,1,0.240512675
,,1,0.496678269
,,1,0.683914184
,,1,0.654452726
,,0,0.421894482
,,0,0.28752117
,,0,0.220728462
,,1,0.443313952
,,0,0.438338175
,,0,0.487094264
,,0,0.602382706
,,1,0.634248858
,,0,0.31703107
,,1,0.521256725
,,1,0.554931277
,,0,0.577009645
,,0,0.668148367
,,0,0.476681398
